{"i":1000,"val_loss_history":[2.9028381802795],"val_loss_history_it":[1000],"forward_backward_times":{},"opt":{"max_epochs":50,"checkpoint_every":1000,"batch_size":50,"memory_benchmark":0,"init_from":"","grad_clip":5,"model_type":"lstm","lr_decay_every":5,"print_every":1,"wordvec_size":64,"seq_length":50,"input_json":"\/home\/raulgomez\/datasets\/SocialMedia\/captions_1M_alltxt.json","num_layers":2,"input_h5":"\/home\/raulgomez\/datasets\/SocialMedia\/captions_1M_alltxt.h5","reset_iterations":1,"rnn_size":128,"dropout":0,"checkpoint_name":"cv\/checkpoint","batchnorm":0,"learning_rate":0.002,"speed_benchmark":0,"gpu_backend":"cuda","lr_decay_factor":0.5,"gpu":0},"train_loss_history":[9.3044300079346,9.1896886825562,8.9989490509033,8.7235145568848,8.3586645126343,7.957592010498,7.547935962677,7.0610256195068,6.5406970977783,6.0661401748657,5.6329369544983,5.1165013313293,4.7113757133484,4.3285241127014,4.0662488937378,3.9208738803864,3.8014438152313,3.6640155315399,3.5502805709839,3.4358711242676,3.4325547218323,3.5292508602142,3.5106480121613,3.708785533905,3.5827295780182,3.6023507118225,3.4312436580658,3.4183461666107,3.712149143219,3.4586038589478,3.4917738437653,3.5629575252533,3.4522285461426,3.3608825206757,3.3614144325256,3.4468624591827,3.4432671070099,3.3486957550049,3.5747246742249,3.7730288505554,3.6591491699219,3.5300624370575,3.4217839241028,3.552805185318,3.378404378891,3.3202331066132,3.4314210414886,3.4449183940887,3.3479311466217,3.5139577388763,3.4870972633362,3.4873070716858,3.3930034637451,3.6242780685425,3.4172217845917,3.9140930175781,3.5132539272308,3.6221702098846,3.5794343948364,3.3877155780792,3.3152086734772,3.6538276672363,3.4509162902832,3.4957320690155,3.4775996208191,3.3824782371521,3.4587059020996,3.431441783905,3.3570785522461,3.3781495094299,3.4275317192078,3.4256405830383,3.4361202716827,3.5518679618835,3.5490863323212,3.4775948524475,3.4701547622681,3.5232343673706,3.5803594589233,3.5655379295349,3.5973296165466,3.5634253025055,3.5531628131866,3.3647491931915,3.5500299930573,3.4130897521973,3.8861742019653,3.671532869339,3.719820022583,3.7053756713867,3.526047706604,3.397910118103,3.4390559196472,3.5009274482727,3.4644124507904,3.518609046936,3.3860175609589,3.5114493370056,3.4891777038574,3.5521061420441,3.6122815608978,3.4582092761993,3.4688766002655,3.5091190338135,3.4523301124573,3.4740340709686,3.33251953125,3.4919557571411,3.3955609798431,3.4943261146545,3.4675855636597,3.2920520305634,3.4519371986389,3.3778395652771,3.4567449092865,3.4031567573547,3.3944149017334,3.6507766246796,3.3933920860291,3.5654528141022,3.6116874217987,3.5780129432678,3.5660226345062,3.6694316864014,3.75439453125,3.9311370849609,3.7414703369141,3.6472952365875,3.5944883823395,3.663747549057,3.5042586326599,3.5580055713654,3.5364956855774,3.5067961215973,3.5072116851807,3.5236001014709,3.6159698963165,3.7549600601196,3.5490562915802,3.5876569747925,3.6220481395721,3.5343217849731,3.4606366157532,3.4965307712555,3.5366497039795,3.4711756706238,3.6100602149963,3.5299668312073,3.5171890258789,3.5891780853271,3.6457905769348,3.5806722640991,3.6044652462006,3.6678605079651,3.5013809204102,3.5351557731628,3.9139511585236,3.8584370613098,3.9144842624664,3.8010773658752,3.6361308097839,3.5834839344025,3.4461312294006,3.5012438297272,3.352028131485,3.3098964691162,3.3407678604126,3.3436472415924,3.3875262737274,3.5570981502533,3.5424745082855,3.4055316448212,3.3522944450378,3.4136612415314,3.3826351165771,3.3271863460541,3.4605202674866,3.4550187587738,3.4972081184387,3.6133570671082,3.5311992168427,3.4957671165466,3.4697074890137,3.5065035820007,3.5828268527985,3.5809855461121,3.669538974762,3.6425659656525,3.5176558494568,3.4136507511139,3.4693546295166,3.3516640663147,3.3336856365204,3.3891007900238,3.3827035427094,3.4079051017761,3.4970288276672,3.5132350921631,3.6363098621368,3.8908441066742,3.7115206718445,3.6236355304718,3.3955078125,3.3492653369904,3.5554497241974,3.5660727024078,3.535706281662,3.5084660053253,3.4809448719025,3.370863199234,3.3935883045197,3.2978920936584,3.3704288005829,3.4897613525391,3.4570977687836,3.4980981349945,3.6433954238892,3.5345561504364,3.4867870807648,3.6047828197479,3.5598745346069,3.3707020282745,3.6222972869873,3.4702551364899,3.5993449687958,3.5295848846436,3.6538105010986,3.6064836978912,3.5349612236023,3.6227989196777,3.5915460586548,3.6556823253632,3.6288862228394,3.4780492782593,3.475790977478,3.4127023220062,3.3826315402985,3.3825614452362,3.4328124523163,3.5097694396973,3.3646261692047,3.3788058757782,3.3367941379547,3.4309449195862,3.5350315570831,3.5285577774048,3.3901989459991,3.3251342773438,3.4706969261169,3.4342215061188,3.5917949676514,3.6106004714966,3.4256796836853,3.330819606781,3.2633700370789,3.3178601264954,3.2591705322266,3.2692863941193,3.314178943634,3.3536808490753,3.4503016471863,3.413994550705,3.3906188011169,3.6173620223999,3.2946293354034,3.2026371955872,3.2249245643616,3.3487000465393,3.3068010807037,3.3425354957581,3.2748339176178,3.2196192741394,3.3204770088196,3.3116819858551,3.3548378944397,3.5619897842407,3.4752516746521,3.5224690437317,3.4739780426025,3.3059394359589,3.3529179096222,3.3981578350067,3.266298532486,3.3272106647491,3.3255019187927,3.3302903175354,3.3990969657898,3.3569242954254,3.3779628276825,3.3229758739471,3.2945625782013,3.4598808288574,3.3162219524384,3.5738196372986,3.4445090293884,3.4908640384674,3.4104721546173,3.3996195793152,3.3649926185608,3.3015460968018,3.5196211338043,3.4434628486633,3.4570069313049,3.4134905338287,3.4279210567474,3.3286578655243,3.3149161338806,3.4380300045013,3.3656344413757,3.2603447437286,3.2727046012878,3.2583050727844,3.3373942375183,3.2385091781616,3.382584810257,3.4448401927948,3.4872739315033,3.3266088962555,3.4558441638947,3.4475340843201,3.3994297981262,3.3940122127533,3.2344632148743,3.1488773822784,3.2015452384949,3.170236825943,3.177369594574,3.355224609375,3.3129441738129,3.3641288280487,3.2536895275116,3.4812340736389,3.2271873950958,3.2068083286285,3.3148448467255,3.2959682941437,3.2358458042145,3.2065334320068,3.3169918060303,3.291900396347,3.252738237381,3.1524772644043,3.196102142334,3.2658851146698,3.4073255062103,3.5876023769379,3.5273284912109,3.3792355060577,3.2167208194733,3.1493034362793,3.2158751487732,3.2033796310425,3.5865094661713,3.3297157287598,3.4110207557678,3.3515074253082,3.307580947876,3.3945167064667,3.3981010913849,3.2665767669678,3.1683621406555,3.1071193218231,3.0528769493103,3.1167440414429,3.1340553760529,3.0972831249237,3.1974213123322,3.0962729454041,3.3006122112274,3.3446624279022,3.2402112483978,3.438348531723,3.320051908493,3.529107093811,3.5586378574371,3.5868351459503,3.4801917076111,3.4680886268616,3.3312261104584,3.3458096981049,3.3912281990051,3.2061772346497,3.4072034358978,3.4407997131348,3.5346598625183,3.3898110389709,3.2974967956543,3.400557756424,3.3922328948975,3.0993695259094,3.2724323272705,3.1226260662079,3.171537399292,3.1867499351501,3.0459289550781,3.0345022678375,3.008971452713,3.0471653938293,3.3142046928406,3.1119520664215,3.0793917179108,2.9835226535797,3.0142722129822,3.0896120071411,3.1013209819794,3.1276104450226,3.2932176589966,2.9961948394775,3.1061506271362,3.0641238689423,3.1251208782196,3.2934257984161,3.1869723796844,3.0332860946655,3.0568089485168,3.1470181941986,3.1649930477142,3.2908320426941,3.5222198963165,3.4111745357513,3.3756663799286,3.2727782726288,3.3768804073334,3.1926999092102,3.0917677879333,3.0070698261261,2.9883065223694,3.0853214263916,3.0255966186523,3.0438857078552,3.039439201355,3.0561590194702,3.1974515914917,3.0629191398621,2.9881889820099,3.1328706741333,2.9935216903687,3.0679137706757,3.0500135421753,3.0807974338531,3.0537459850311,3.1511569023132,3.1248984336853,3.0761911869049,3.0377857685089,3.1210870742798,3.2898387908936,3.1197211742401,3.2128925323486,3.4044570922852,3.2459461688995,3.3796999454498,3.322904586792,3.1336998939514,3.0563204288483,3.0907852649689,3.2021749019623,3.0593481063843,3.1831533908844,